7,pct_5w,1572699801,0
8,pct_5wlj,1572699801,0
9,pct_5wzp,1572699801,0
10,pct_5wljzp,1572699801,0
17,s_only_string_expansion,1572699798,0
18,s_two_string_expansions,1572699798,0
19,s_two_string_expansions2,1572699798,0
20,s_empty_string_expansion,1572699798,0
23,s_three_strings,1572699798,0
30,s_string_prec_notrunc,1572699798,0
31,s_string_prec_trunc,1572699798,0
32,s_string_prec_default,1572699798,0
33,s_string_prec_zero,1572699798,0
34,s_two_strings_prec_2trunc,1572699798,0
35,s_two_strings_prec_1trunc_a,1572699798,0
36,s_two_strings_prec_1trunc_b,1572699798,0
37,s_two_strings_prec_0trunc,1572699798,0
38,s_string_prec_width_notrunc,1572699798,0
39,s_string_prec_width_trunc,1572699798,0
40,s_string_prec_width_notrunc_lj,1572699798,0
41,s_string_prec_width_trunc_lj,1572699798,0
42,s_two_s_prec_width_2fit_0trunc,1572699798,0
43,s_two_s_prec_width_1fit_a_0trunc,1572699798,0
44,s_two_s_prec_width_1fit_b_0trunc,1572699798,0
45,s_two_s_prec_width_0fit_0trunc,1572699798,0
46,s_two_s_prec_width_2fit_1trunc_a,1572699798,0
47,s_two_s_prec_width_1fit_a_1trunc_a,1572699798,0
48,s_two_s_prec_width_1fit_b_1trunc_a,1572699798,0
49,s_two_s_prec_width_0fit_1trunc_a,1572699798,0
50,s_two_s_prec_width_2fit_1trunc_b,1572699798,0
51,s_two_s_prec_width_1fit_a_1trunc_b,1572699798,0
52,s_two_s_prec_width_1fit_b_1trunc_b,1572699798,0
53,s_two_s_prec_width_0fit_1trunc_b,1572699798,0
54,s_two_s_prec_width_2fit_2trunc,1572699798,0
55,s_two_s_prec_width_1fit_a_2trunc,1572699798,0
56,s_two_s_prec_width_1fit_b_2trunc,1572699798,0
57,s_two_s_prec_width_0fit_2trunc,1572699798,0
58,s_two_s_prec_width_2trunc,1572699798,0
59,s_two_strings_lj_and_rj,1572699798,0
60,s_two_strings_rj_and_lj,1572699798,0
73,s_width_3_s_hidden,1572699798,0
74,s_width_9_s_hidden,1572699798,0
75,s_prec_no_width_s_hidden,1572699798,0
76,s_prec_9_no_width_s_hidden,1572699798,0
77,s_prec_03_no_width_s_hidden,1572699798,0
78,s_prec_09_no_width_s_hidden,1572699798,0
85,s_prec_0_width_3_s_hidden,1572699798,0
86,s_prec_0_width_10_s_hidden,1572699798,0
92,s_prec_0_lj_width_3_s_hidden,1572699798,0
93,s_prec_0_lj_width_8_s_hidden,1572699798,0
99,s_prec_1_width_3_s_hidden,1572699798,0
100,s_prec_1_width_10_s_hidden,1572699798,0
103,s_prec_1_lj_width_3_s_hidden,1572699798,0
104,s_prec_1_lj_width_10_s_hidden,1572699798,0
109,s_prec_perfect_width_3_s_hidden,1572699798,0
110,s_prec_perfect_width_20_s_hidden,1572699798,0
115,s_prec_perfect_lj_width_3_s_hidden,1572699798,0
116,s_prec_perfect_lj_width_20_s_hidden,1572699798,0
117,s_prec_8_lj_width_3_s_hidden,1572699798,0
118,s_prec_8_lj_width_10_s_hidden,1572699798,0
121,s_prec_00_lj_s_hidden_trunc,1572699798,0
122,s_prec_09_lj_s_hidden_notrunc,1572699798,0
170,i_intmax,1572699810,0
171,i_intmin,1572699810,0
175,i_width_pos_fits,1572699810,0
176,i_width_neg_fits,1572699810,0
177,i_width_zero_fits,1572699810,0
178,i_width_pos_exactfit,1572699810,0
179,i_width_neg_exactfit,1572699810,0
180,i_width_pos_nofit,1572699810,0
181,i_width_neg_nofit,1572699810,0
182,i_width_pos_fits_lj,1572699810,0
183,i_width_neg_fits_lj,1572699810,0
184,i_width_zero_fits_lj,1572699810,0
185,i_width_pos_exactfit_lj,1572699810,0
186,i_width_neg_exactfit_lj,1572699810,0
187,i_width_pos_nofit_lj,1572699810,0
188,i_width_neg_nofit_lj,1572699810,0
192,i_prec_fits_pos,1572699810,0
193,i_prec_fits_neg,1572699810,0
194,i_prec_fits_zero,1572699810,0
195,i_prec_exactfit_pos,1572699810,0
196,i_prec_exactfit_neg,1572699810,0
197,i_prec_nofit_pos,1572699810,0
198,i_prec_nofit_neg,1572699810,0
202,i_zp_pos_fits,1572699810,0
203,i_zp_neg_fits,1572699810,0
204,i_zp_zero_fits,1572699810,0
205,i_zp_pos_exactfit,1572699810,0
206,i_zp_neg_exactfit,1572699810,0
207,i_zp_neg_minus1fit,1572699810,0
210,i_prec_width_fit_fit_pos,1572699810,0
211,i_prec_width_fit_fit_neg,1572699810,0
212,i_prec_width_fit_fit_zero,1572699810,0
213,i_prec_width_nofit_fit_pos,1572699810,0
214,i_prec_width_nofit_fit_neg,1572699810,0
215,i_prec_width_fit_nofit_pos,1572699810,0
216,i_prec_width_fit_nofit_neg,1572699810,0
217,i_prec_width_nofit_nofit_pos,1572699810,0
218,i_prec_width_nofit_nofit_neg,1572699810,0
219,i_prec_width_fit_fit_pos_lj,1572699810,0
220,i_prec_width_fit_fit_neg_lj,1572699810,0
221,i_prec_width_fit_fit_zero_lj,1572699810,0
222,i_prec_width_nofit_fit_pos_lj,1572699810,0
223,i_prec_width_nofit_fit_neg_lj,1572699810,0
224,i_prec_width_fit_nofit_pos_lj,1572699810,0
225,i_prec_width_fit_nofit_neg_lj,1572699810,0
226,i_prec_width_nofit_nofit_pos_lj,1572699810,0
227,i_prec_width_nofit_nofit_neg_lj,1572699810,0
246,i_prec_width_ff_pos_zp,1572699810,0
247,i_prec_width_ff_neg_zp,1572699810,0
248,i_prec_width_ff_zero_zp,1572699810,0
249,i_prec_width_nf_pos_zp,1572699810,0
250,i_prec_width_nf_neg_zp,1572699810,0
251,i_prec_width_fn_pos_zp,1572699810,0
252,i_prec_width_fn_neg_zp,1572699810,0
253,i_prec_width_nn_pos_zp,1572699810,0
254,i_prec_width_nn_neg_zp,1572699810,0
255,i_prec_width_ff_pos_lj_zp_ignoreflag,1572699810,0
256,i_prec_width_ff_neg_ljzp_ignoreflag,1572699810,0
257,i_prec_width_ff_zero_ljzp_ignoreflag,1572699810,0
258,i_prec_width_nf_pos_ljzp_ignoreflag,1572699810,0
259,i_prec_width_nf_neg_ljzp_ignoreflag,1572699810,0
260,i_prec_width_fn_pos_ljzp_ignoreflag,1572699810,0
261,i_prec_width_fn_neg_ljzp_ignoreflag,1572699810,0
262,i_prec_width_nn_pos_ljzp_ignoreflag,1572699810,0
263,i_prec_width_nn_neg_ljzp_ignoreflag,1572699810,0
477,i_prec0val0_implicit,1572699810,0
478,i_prec0val0_w,1572699810,0
479,i_prec0val0_w_impl,1572699810,0
480,i_prec0val0_wlj,1572699810,0
481,i_prec0val0_wlj_impl,1572699810,0
498,d_intmax,1572699807,0
499,d_intmin,1572699807,0
503,d_width_pos_fits,1572699807,0
504,d_width_neg_fits,1572699807,0
505,d_width_zero_fits,1572699807,1572613976
506,d_width_pos_exactfit,1572699807,0
507,d_width_neg_exactfit,1572699807,0
508,d_width_pos_nofit,1572699807,0
509,d_width_neg_nofit,1572699807,0
510,d_width_pos_fits_lj,1572699807,0
511,d_width_neg_fits_lj,1572699807,0
512,d_width_zero_fits_lj,1572699807,1572613976
513,d_width_pos_exactfit_lj,1572699807,0
514,d_width_neg_exactfit_lj,1572699807,0
515,d_width_pos_nofit_lj,1572699807,0
516,d_width_neg_nofit_lj,1572699807,0
520,d_prec_fits_pos,1572699807,0
521,d_prec_fits_neg,1572699807,0
522,d_prec_fits_zero,1572699807,1572613976
523,d_prec_exactfit_pos,1572699807,0
524,d_prec_exactfit_neg,1572699807,0
525,d_prec_nofit_pos,1572699807,0
526,d_prec_nofit_neg,1572699807,0
530,d_zp_pos_fits,1572699807,0
531,d_zp_neg_fits,1572699807,0
532,d_zp_zero_fits,1572699807,0
533,d_zp_pos_exactfit,1572699807,0
534,d_zp_neg_exactfit,1572699807,0
535,d_zp_neg_minus1fit,1572699807,0
538,d_prec_width_fit_fit_pos,1572699807,0
539,d_prec_width_fit_fit_neg,1572699807,0
540,d_prec_width_fit_fit_zero,1572699807,1572613976
541,d_prec_width_nofit_fit_pos,1572699807,0
542,d_prec_width_nofit_fit_neg,1572699807,0
543,d_prec_width_fit_nofit_pos,1572699807,0
544,d_prec_width_fit_nofit_neg,1572699807,0
545,d_prec_width_nofit_nofit_pos,1572699807,0
546,d_prec_width_nofit_nofit_neg,1572699807,0
547,d_prec_width_fit_fit_pos_lj,1572699807,0
548,d_prec_width_fit_fit_neg_lj,1572699807,0
549,d_prec_width_fit_fit_zero_lj,1572699807,1572613976
550,d_prec_width_nofit_fit_pos_lj,1572699807,0
551,d_prec_width_nofit_fit_neg_lj,1572699807,0
552,d_prec_width_fit_nofit_pos_lj,1572699807,0
553,d_prec_width_fit_nofit_neg_lj,1572699807,0
554,d_prec_width_nofit_nofit_pos_lj,1572699807,0
555,d_prec_width_nofit_nofit_neg_lj,1572699807,0
574,d_prec_width_ff_pos_zp,1572699807,0
575,d_prec_width_ff_neg_zp,1572699807,0
576,d_prec_width_ff_zero_zp,1572699807,1572613976
577,d_prec_width_nf_pos_zp,1572699807,0
578,d_prec_width_nf_neg_zp,1572699807,0
579,d_prec_width_fn_pos_zp,1572699807,0
580,d_prec_width_fn_neg_zp,1572699807,0
581,d_prec_width_nn_pos_zp,1572699807,0
582,d_prec_width_nn_neg_zp,1572699807,0
583,d_prec_width_ff_pos_lj_zp_ignoreflag,1572699807,0
584,d_prec_width_ff_neg_ljzp_ignoreflag,1572699807,0
585,d_prec_width_ff_zero_ljzp_ignoreflag,1572699807,1572613976
586,d_prec_width_nf_pos_ljzp_ignoreflag,1572699807,0
587,d_prec_width_nf_neg_ljzp_ignoreflag,1572699807,0
588,d_prec_width_fn_pos_ljzp_ignoreflag,1572699807,0
589,d_prec_width_fn_neg_ljzp_ignoreflag,1572699807,0
590,d_prec_width_nn_pos_ljzp_ignoreflag,1572699807,0
591,d_prec_width_nn_neg_ljzp_ignoreflag,1572699807,0
805,d_prec0val0_implicit,1572699807,0
806,d_prec0val0_w,1572699807,0
807,d_prec0val0_w_impl,1572699807,0
808,d_prec0val0_wlj,1572699807,1572613849
809,d_prec0val0_wlj_impl,1572699807,1572613849
817,mix_str_hi_str_li,0,1572691456
818,mix_str_hi_str_li_emptystr,0,1572691456
822,u_uintmax,1572699815,0
823,u_width_pos_fits,1572699815,0
824,u_width_zero_fits,1572699815,0
825,u_width_pos_exactfit,1572699815,0
826,u_width_pos_nofit,1572699815,0
827,u_width_pos_fits_lj,1572699815,0
828,u_width_zero_fits_lj,1572699815,0
829,u_width_pos_exactfit_lj,1572699815,0
830,u_width_pos_nofit_lj,1572699815,0
831,u_prec_fits_pos,1572699815,0
832,u_prec_fits_zero,1572699815,0
833,u_prec_exactfit_pos,1572699815,0
834,u_prec_nofit_pos,1572699815,0
835,u_zp_pos_fits,1572699815,0
836,u_zp_zero_fits,1572699815,0
837,u_zp_pos_exactfit,1572699815,0
838,u_prec_width_fit_fit_pos,1572699815,0
839,u_prec_width_fit_fit_zero,1572699815,0
840,u_prec_width_nofit_fit_pos,1572699815,0
841,u_prec_width_fit_nofit_pos,1572699815,0
842,u_prec_width_nofit_nofit_pos,1572699815,0
843,u_prec_width_fit_fit_pos_lj,1572699815,0
844,u_prec_width_fit_fit_zero_lj,1572699815,0
845,u_prec_width_nofit_fit_pos_lj,1572699815,0
846,u_prec_width_fit_nofit_pos_lj,1572699815,0
847,u_prec_width_nofit_nofit_pos_lj,1572699815,0
848,u_prec_width_ff_pos_zp,1572699815,0
849,u_prec_width_ff_zero_zp,1572699815,0
850,u_prec_width_nf_pos_zp,1572699815,0
851,u_prec_width_fn_pos_zp,1572699815,0
852,u_prec_width_nn_pos_zp,1572699815,0
853,u_prec_width_ff_pos_ljzp_ignoreflag,1572699815,0
854,u_prec_width_ff_zero_ljzp_ignoreflag,1572699815,0
855,u_prec_width_nf_pos_ljzp_ignoreflag,1572699815,0
856,u_prec_width_fn_pos_ljzp_ignoreflag,1572699815,0
857,u_prec_width_nn_pos_ljzp_ignoreflag,1572699815,0
880,u_prec0val0_implicit,1572699815,0
881,u_prec0val0_w,1572699815,0
882,u_prec0val0_w_impl,1572699815,0
883,u_prec0val0_wlj,1572699815,0
884,u_prec0val0_wlj_impl,1572699815,0
886,mix_str_hu_str_lu,0,1572691456
887,mixed_test_0001,0,1572691456
891,x_hexlmax,1572699818,0
892,x_width_pos_fits,1572699818,0
893,x_width_zero_fits,1572699818,0
894,x_width_pos_exactfit,1572699818,0
895,x_width_pos_nofit,1572699818,0
896,x_width_pos_fits_lj,1572699818,0
897,x_width_zero_fits_lj,1572699818,0
898,x_width_pos_exactfit_lj,1572699818,0
899,x_width_pos_nofit_lj,1572699818,0
900,x_prec_fits_pos,1572699818,0
901,x_prec_fits_zero,1572699818,0
902,x_prec_exactfit_pos,1572699818,0
903,x_prec_nofit_pos,1572699818,0
904,x_zp_pos_fits,1572699818,0
905,x_zp_zero_fits,1572699818,0
906,x_zp_pos_exactfit,1572699818,0
907,x_prec_width_fit_fit_pos,1572699818,0
908,x_prec_width_fit_fit_zero,1572699818,0
909,x_prec_width_nofit_fit_pos,1572699818,0
910,x_prec_width_fit_nofit_pos,1572699818,0
911,x_prec_width_nofit_nofit_pos,1572699818,0
912,x_prec_width_fit_fit_pos_lj,1572699818,0
913,x_prec_width_fit_fit_zero_lj,1572699818,0
914,x_prec_width_nofit_fit_pos_lj,1572699818,0
915,x_prec_width_fit_nofit_pos_lj,1572699818,0
916,x_prec_width_nofit_nofit_pos_lj,1572699818,0
917,x_prec_width_ff_pos_zp,1572699818,0
918,x_prec_width_ff_zero_zp,1572699818,0
919,x_prec_width_nf_pos_zp,1572699818,0
920,x_prec_width_fn_pos_zp,1572699818,0
921,x_prec_width_nn_pos_zp,1572699818,0
922,x_prec_width_ff_pos_ljzp_ignoreflag,1572699818,0
923,x_prec_width_ff_zero_ljzp_ignoreflag,1572699818,0
924,x_prec_width_nf_pos_ljzp_ignoreflag,1572699818,0
925,x_prec_width_fn_pos_ljzp_ignoreflag,1572699818,0
926,x_prec_width_nn_pos_ljzp_ignoreflag,1572699818,0
1009,x_prec0val0_implicit,1572699818,0
1010,x_prec0val0_w,1572699818,0
1011,x_prec0val0_w_impl,1572699818,0
1012,x_prec0val0_wlj,1572699818,1572614800
1013,x_prec0val0_wlj_impl,1572699818,1572614800
1023,X_hexumax,1572699820,0
1024,X_width_pos_fits,1572699820,0
1025,X_width_zero_fits,1572699820,0
1026,X_width_pos_exactfit,1572699820,0
1027,X_width_pos_nofit,1572699820,0
1028,X_width_pos_fits_lj,1572699820,0
1029,X_width_zero_fits_lj,1572699820,0
1030,X_width_pos_exactfit_lj,1572699820,0
1031,X_width_pos_nofit_lj,1572699820,0
1032,X_prec_fits_pos,1572699820,0
1033,X_prec_fits_zero,1572699820,0
1034,X_prec_exactfit_pos,1572699820,0
1035,X_prec_nofit_pos,1572699820,0
1036,X_zp_pos_fits,1572699820,0
1037,X_zp_zero_fits,1572699820,0
1038,X_zp_pos_exactfit,1572699820,0
1039,X_prec_width_fit_fit_pos,1572699820,0
1040,X_prec_width_fit_fit_zero,1572699820,0
1041,X_prec_width_nofit_fit_pos,1572699820,0
1042,X_prec_width_fit_nofit_pos,1572699820,0
1043,X_prec_width_nofit_nofit_pos,1572699820,0
1044,X_prec_width_fit_fit_pos_lj,1572699820,0
1045,X_prec_width_fit_fit_zero_lj,1572699820,0
1046,X_prec_width_nofit_fit_pos_lj,1572699820,0
1047,X_prec_width_fit_nofit_pos_lj,1572699820,0
1048,X_prec_width_nofit_nofit_pos_lj,1572699820,0
1049,X_prec_width_ff_pos_zp,1572699820,0
1050,X_prec_width_ff_zero_zp,1572699820,0
1051,X_prec_width_nf_pos_zp,1572699820,0
1052,X_prec_width_fn_pos_zp,1572699820,0
1053,X_prec_width_nn_pos_zp,1572699820,0
1054,X_prec_width_ff_pos_ljzp_ignoreflag,1572699820,0
1055,X_prec_width_ff_zero_ljzp_ignoreflag,1572699820,0
1056,X_prec_width_nf_pos_ljzp_ignoreflag,1572699820,0
1057,X_prec_width_fn_pos_ljzp_ignoreflag,1572699820,0
1058,X_prec_width_nn_pos_ljzp_ignoreflag,1572699820,0
1141,X_prec0val0_implicit,1572699820,0
1142,X_prec0val0_w,1572699820,0
1143,X_prec0val0_w_impl,1572699820,0
1144,X_prec0val0_wlj,1572699820,0
1145,X_prec0val0_wlj_impl,1572699820,0
1155,o_octlmax,0,1572691456
1156,o_width_pos_fits,0,1572691456
1157,o_width_zero_fits,0,1572691456
1158,o_width_pos_exactfit,0,1572691456
1159,o_width_pos_nofit,0,1572691456
1160,o_width_pos_fits_lj,0,1572691456
1161,o_width_zero_fits_lj,0,1572691456
1162,o_width_pos_exactfit_lj,0,1572691456
1163,o_width_pos_nofit_lj,0,1572691456
1164,o_prec_fits_pos,0,1572691456
1165,o_prec_fits_zero,0,1572691456
1166,o_prec_exactfit_pos,0,1572691456
1167,o_prec_nofit_pos,0,1572691456
1168,o_zp_pos_fits,0,1572691456
1169,o_zp_zero_fits,0,1572691456
1170,o_zp_pos_exactfit,0,1572691456
1171,o_prec_width_fit_fit_pos,0,1572691456
1172,o_prec_width_fit_fit_zero,0,1572691456
1173,o_prec_width_nofit_fit_pos,0,1572691456
1174,o_prec_width_fit_nofit_pos,0,1572691456
1175,o_prec_width_nofit_nofit_pos,0,1572691456
1176,o_prec_width_fit_fit_pos_lj,0,1572691456
1177,o_prec_width_fit_fit_zero_lj,0,1572691456
1178,o_prec_width_nofit_fit_pos_lj,0,1572691456
1179,o_prec_width_fit_nofit_pos_lj,0,1572691456
1180,o_prec_width_nofit_nofit_pos_lj,0,1572691456
1181,o_prec_width_ff_pos_zp,0,1572691456
1182,o_prec_width_ff_zero_zp,0,1572691456
1183,o_prec_width_nf_pos_zp,0,1572691456
1184,o_prec_width_fn_pos_zp,0,1572691456
1185,o_prec_width_nn_pos_zp,0,1572691456
1186,o_prec_width_ff_pos_ljzp_ignoreflag,0,1572691456
1187,o_prec_width_ff_zero_ljzp_ignoreflag,0,1572691456
1188,o_prec_width_nf_pos_ljzp_ignoreflag,0,1572691456
1189,o_prec_width_fn_pos_ljzp_ignoreflag,0,1572691456
1190,o_prec_width_nn_pos_ljzp_ignoreflag,0,1572691456
1202,o_ulmax,0,1572691456
1203,o_uhmax,0,1572691456
1273,o_prec0val0_implicit,0,1572691456
1274,o_prec0val0_w,0,1572691456
1275,o_prec0val0_w_impl,0,1572691456
1276,o_prec0val0_wlj,0,1572691456
1277,o_prec0val0_wlj_impl,0,1572691456
1289,p_ftfc_5w_throwswarning,1572699801,0
1291,p_width_fit,1572699801,0
1292,p_width_nofit,1572699801,0
1293,p_width_16,1572699801,0
1294,p_width_8,1572699801,0
1295,p_width_32,1572699801,0
1296,p_width_fit_lj,1572699801,0
1297,p_width_nofit_lj,1572699801,0
1298,p_width_16_lj,1572699801,0
1299,p_width_8_lj,1572699801,0
1300,p_width_32_lj,1572699801,0
1302,c_1_31_combined,1572699794,0
1303,c_128_255_combined,1572699794,0
1305,c_1_31_width,1572699794,0
1306,c_128_255_width,1572699794,0
1308,c_1_31_width_lj,1572699794,1572611646
1309,c_128_255_width_lj,1572699794,1572611646
1331,f_rndd_pos,0,1572691456
1332,f_rndd_neg,0,1572691456
1333,f_rndu_pos,0,1572691456
1334,f_rndu_neg,0,1572691456
1335,f_rndu_multidigit_pos,0,1572691456
1336,f_rndu_multidigit_neg,0,1572691456
1337,f_rndd_multidigit_pos,0,1572691456
1338,f_rndd_multidigit_neg,0,1572691456
1339,f_rndd_wholnobump_pos,0,1572691456
1340,f_rndd_wholnobump_neg,0,1572691456
1341,f_rndu_bumpwhole_pos,0,1572691456
1342,f_rndu_bumpwhole_neg,0,1572691456
1343,f_prec0_1,0,1572691456
1344,f_prec0_fltonly,0,1572691456
1345,f_prec0_whole,0,1572691456
1346,f_prec0_negative,0,1572691456
1347,f_prec0_positive_3_3,0,1572691456
1348,f_prec0_negative_3_3,0,1572691456
1353,f_prec1_1,0,1572691456
1354,f_prec1_fltonly,0,1572691456
1355,f_prec1_whole,0,1572691456
1356,f_prec1_negative,0,1572691456
1357,f_prec1_positive_3_3,0,1572691456
1358,f_prec1_negative_3_3,0,1572691456
1363,f_prec3_1,0,1572691456
1364,f_prec3_fltonly,0,1572691456
1365,f_prec3_whole,0,1572691456
1366,f_prec3_negative,0,1572691456
1367,f_prec3_positive_3_3,0,1572691456
1368,f_prec3_negative_3_3,0,1572691456
1373,f_prec7_1,0,1572691456
1374,f_prec7_fltonly,0,1572691456
1375,f_prec7_whole,0,1572691456
1376,f_prec7_negative,0,1572691456
1377,f_prec7_positive_3_3,0,1572691456
1378,f_prec7_negative_3_3,0,1572691456
1389,f_prec7_limits_bigfpart_pos,0,1572691456
1390,f_prec7_limits_bigfpart_neg,0,1572691456
1391,f_rnd_prec7_rndd_pos,0,1572691456
1392,f_rnd_prec7_rndd_neg,0,1572691456
1393,f_rnd_prec7_rndu_pos,0,1572691456
1394,f_rnd_prec7_rndu_neg,0,1572691456
1395,f_rnd_prec7_rndu_multidigit_pos,0,1572691456
1396,f_rnd_prec7_rndu_multidigit_neg,0,1572691456
1397,f_rnd_prec7_rndd_multidigit_pos,0,1572691456
1398,f_rnd_prec7_rndd_multidigit_neg,0,1572691456
1399,f_rnd_prec7_rndd_wholnobump_pos,0,1572691456
1400,f_rnd_prec7_rndd_wholnobump_neg,0,1572691456
1401,f_rnd_prec7_rndu_bumpwhole_pos,0,1572691456
1402,f_prec8_1,0,1572691456
1403,f_prec8_fltonly,0,1572691456
1404,f_prec8_whole,0,1572691456
1405,f_prec8_negative,0,1572691456
1406,f_prec8_positive_3_3,0,1572691456
1407,f_prec8_negative_3_3,0,1572691456
1418,f_prec8_limits_bigfpart_pos,0,1572691456
1419,f_prec8_limits_bigfpart_neg,0,1572691456
1420,f_rnd_prec8_rndd_pos,0,1572691456
1421,f_rnd_prec8_rndd_neg,0,1572691456
1422,f_rnd_prec8_rndu_pos,0,1572691456
1423,f_rnd_prec8_rndu_neg,0,1572691456
1424,f_rnd_prec8_rndu_multidigit_pos,0,1572691456
1425,f_rnd_prec8_rndu_multidigit_neg,0,1572691456
1426,f_rnd_prec8_rndd_multidigit_pos,0,1572691456
1427,f_rnd_prec8_rndd_multidigit_neg,0,1572691456
1428,f_rnd_prec8_rndd_wholnobump_pos,0,1572691456
1429,f_rnd_prec8_rndd_wholnobump_neg,0,1572691456
1430,f_rnd_prec8_rndu_bumpwhole_pos,0,1572691456
1431,f_stress_prec9_1,0,1572691456
1432,f_stress_prec9_fltonly,0,1572691456
1433,f_stress_prec9_whole,0,1572691456
1434,f_stress_prec9_negative,0,1572691456
1435,f_stress_prec9_positive_3_3,0,1572691456
1436,f_stress_prec9_negative_3_3,0,1572691456
1447,f_stress_prec9_limits_bigfpart_pos,0,1572691456
1448,f_stress_prec9_limits_bigfpart_neg,0,1572691456
1449,f_stress_prec9_rndd_pos,0,1572691456
1450,f_stress_prec9_rndd_neg,0,1572691456
1451,f_stress_prec9_rndu_pos,0,1572691456
1452,f_stress_prec9_rndu_neg,0,1572691456
1453,f_stress_prec9_rndu_multidigit_pos,0,1572691456
1454,f_stress_prec9_rndu_multidigit_neg,0,1572691456
1455,f_stress_prec9_rndd_multidigit_pos,0,1572691456
1456,f_stress_prec9_rndd_multidigit_neg,0,1572691456
1457,f_stress_prec9_rndd_wholnobump_pos,0,1572691456
1458,f_stress_prec9_rndd_wholnobump_neg,0,1572691456
1459,f_stress_prec9_rndu_bumpwhole_pos,0,1572691456
1460,f_stress_prec10_1,0,1572691456
1461,f_stress_prec10_fltonly,0,1572691456
1462,f_stress_prec10_whole,0,1572691456
1463,f_stress_prec10_negative,0,1572691456
1464,f_stress_prec10_positive_3_10,0,1572691456
1465,f_stress_prec10_negative_3_10,0,1572691456
1466,f_stress_prec10_pos,0,1572691456
1467,f_stress_prec10_neg,0,1572691456
1468,f_stress_prec10_rndd_pos,0,1572691456
1469,f_stress_prec10_rndd_neg,0,1572691456
1470,f_stress_prec10_rndu_pos,0,1572691456
1471,f_stress_prec10_rndu_neg,0,1572691456
1482,f_stress_prec10_limits_bigfpart_pos,0,1572691456
1483,f_stress_prec10_limits_bigfpart_neg,0,1572691456
1484,f_stress_prec11_rndu,0,1572691456
1485,f_stress_prec11_rndd,0,1572691456
1486,f_stress_prec11_limits_tiny,0,1572691456
1487,f_stress_prec11_limits_big,0,1572691456
1488,f_stress_prec12_rndu,0,1572691456
1489,f_stress_prec12_rndd,0,1572691456
1490,f_stress_prec12_limits_tiny,0,1572691456
1491,f_stress_prec12_limits_big,0,1572691456
1492,f_stress_prec13_rndu,0,1572691456
1493,f_stress_prec13_rndd,0,1572691456
1494,f_stress_prec13_limits_tiny,0,1572691456
1495,f_stress_prec13_limits_big,0,1572691456
1496,f_stress_prec14_rndu,0,1572691456
1497,f_stress_prec14_rndd,0,1572691456
1498,f_stress_prec14_limits_tiny,0,1572691456
1499,f_stress_prec14_limits_big,0,1572691456
1500,f_stress_prec15_rndu,0,1572691456
1501,f_stress_prec15_rndd,0,1572691456
1502,f_stress_prec15_limits_tiny,0,1572691456
1503,f_stress_prec15_limits_big,0,1572691456
1504,f_stress_prec16_rndu,0,1572691456
1505,f_stress_prec16_rndd,0,1572691456
1506,f_stress_prec16_limits_tiny,0,1572691456
1507,f_stress_prec16_limits_big,0,1572691456
1508,f_stress_prec17_rndu,0,1572691456
1509,f_stress_prec17_rndd,0,1572691456
1510,f_stress_prec17_limits_tiny,0,1572691456
1511,f_stress_prec17_limits_big,0,1572691456
1512,f_stress_prec18_rndu,0,1572691456
1513,f_stress_prec18_rndd,0,1572691456
1522,f_wprec0p,0,1572691456
1523,f_wprec1p,0,1572691456
1524,f_wprec3p,0,1572691456
1525,f_wprec6p,0,1572691456
1526,f_wprec0n,0,1572691456
1527,f_wprec1n,0,1572691456
1528,f_wprec3n,0,1572691456
1529,f_wprec6n,0,1572691456
1530,f_wzp_prec0p,0,1572691456
1531,f_wzp_prec1p,0,1572691456
1532,f_wzp_prec3p,0,1572691456
1533,f_wzp_prec6p,0,1572691456
1534,f_wzp_prec0n,0,1572691456
1535,f_wzp_prec1n,0,1572691456
1536,f_wzp_prec3n,0,1572691456
1537,f_wzp_prec6n,0,1572691456
1538,f_wlj_prec0p,0,1572691456
1539,f_wlj_prec1p,0,1572691456
1540,f_wlj_prec3p,0,1572691456
1541,f_wlj_prec6p,0,1572691456
1542,f_wlj_prec0n,0,1572691456
1543,f_wlj_prec1n,0,1572691456
1544,f_wlj_prec3n,0,1572691456
1545,f_wlj_prec6n,0,1572691456
1546,f_wzplj_prec0p_ignoreflag,0,1572691456
1547,f_wzplj_prec1p_ignoreflag,0,1572691456
1548,f_wzplj_prec3p_ignoreflag,0,1572691456
1549,f_wzplj_prec6p_ignoreflag,0,1572691456
1550,f_wzplj_prec0n_ignoreflag,0,1572691456
1551,f_wzplj_prec1n_ignoreflag,0,1572691456
1552,f_wzplj_prec3n_ignoreflag,0,1572691456
1553,f_wzplj_prec6n_ignoreflag,0,1572691456
1554,f_wzpljr_prec0p_ignoreflag,0,1572691456
1555,f_wzpljr_prec1p_ignoreflag,0,1572691456
1556,f_wzpljr_prec3p_ignoreflag,0,1572691456
1557,f_wzpljr_prec6p_ignoreflag,0,1572691456
1558,f_wzpljr_prec0n_ignoreflag,0,1572691456
1559,f_wzpljr_prec1n_ignoreflag,0,1572691456
1560,f_wzpljr_prec3n_ignoreflag,0,1572691456
1561,f_wzpljr_prec6n_ignoreflag,0,1572691456
1704,f_limits_dblmin_prec0,0,1572691456
1705,f_limits_dblmin_prec3,0,1572691456
1706,f_limits_dblmin_precd,0,1572691456
1707,f_limits_dblmin_prec8,0,1572691456
1708,f_stress_limits_dblmin_prec12,0,1572691456
1709,f_stress_limits_dblmin_prec16,0,1572691456
1710,f_stress_limits_dblmin_prec18,0,1572691456
1711,f_limits_ndblmin_prec0,0,1572691456
1712,f_limits_ndblmin_prec3,0,1572691456
1713,f_limits_ndblmin_precd,0,1572691456
1714,f_limits_ndblmin_prec8,0,1572691456
1715,f_stress_limits_ndblmin_prec12,0,1572691456
1716,f_stress_limits_ndblmin_prec16,0,1572691456
1717,f_stress_limits_ndblmin_prec18,0,1572691456
2019,mix_test_0,0,1572691456
2020,mix_test_1,0,1572691456
2021,mix_test_2,0,1572691456
2022,mix_test_3,0,1572691456
2023,mix_test_4,0,1572691456
2024,mix_test_5,0,1572691456
2025,mix_test_6,0,1572691456
2026,mix_test_7,0,1572691456
2027,mix_test_8,0,1572691456
2028,mix_test_9,0,1572691456
2029,mix_test_10,0,1572691456
2030,mix_test_11,0,1572691456
2031,mix_test_12,0,1572691456
2032,mix_test_13,0,1572691456
2033,mix_test_14,0,1572691456
2034,mix_test_15,0,1572691456
2035,mix_test_16,0,1572691456
2036,mix_test_17,0,1572691456
2037,mix_test_18,0,1572691456
2038,mix_test_19,0,1572691456
2039,mix_test_20,0,1572691456
2040,mix_test_21,0,1572691456
2041,mix_test_22,0,1572691456
2042,mix_test_23,0,1572691456
2043,mix_test_24,0,1572691456
2044,mix_test_25,0,1572691456
2045,mix_test_26,0,1572691456
2046,mix_test_27,0,1572691456
2047,mix_test_28,0,1572691456
2048,mix_test_29,0,1572691456
2049,mix_test_30,0,1572691456
2050,mix_test_31,0,1572691456
2051,mix_test_32,0,1572691456
2052,mix_test_33,0,1572691456
2053,mix_test_34,0,1572691456
2054,mix_test_35,0,1572691456
2055,mix_test_36,0,1572691456
2056,mix_test_37,0,1572691456
2057,mix_test_38,0,1572691456
2058,mix_test_39,0,1572691456
2059,mix_test_40,0,1572691456
2060,mix_test_41,0,1572691456
2061,mix_test_42,0,1572691456
2062,mix_test_43,0,1572691456
2063,mix_test_44,0,1572691456
2064,mix_test_45,0,1572691456
2065,mix_test_46,0,1572691456
2066,mix_test_47,0,1572691456
2067,mix_test_48,0,1572691456
2068,mix_test_49,0,1572691456
2069,mix_test_50,0,1572691456
2070,mix_test_51,0,1572691456
2071,mix_test_52,0,1572691456
2072,mix_test_53,0,1572691456
2073,mix_test_54,0,1572691456
2074,mix_test_55,0,1572691456
2075,mix_test_56,0,1572691456
2076,mix_test_57,0,1572691456
2077,mix_test_58,0,1572691456
2078,mix_test_59,0,1572691456
2079,mix_test_60,0,1572691456
2080,mix_test_61,0,1572691456
2081,mix_test_62,0,1572691456
2082,mix_test_63,0,1572691456
2083,mix_test_64,0,1572691456
2084,mix_test_65,0,1572691456
2085,mix_test_66,0,1572691456
2086,mix_test_67,0,1572691456
2087,mix_test_68,0,1572691456
2088,mix_test_69,0,1572691456
2089,mix_test_70,0,1572691456
2090,mix_test_71,0,1572691456
2091,mix_test_72,0,1572691456
2092,mix_test_73,0,1572691456
2093,mix_test_74,0,1572691456
2094,mix_test_75,0,1572691456
2095,mix_test_76,0,1572691456
2096,mix_test_77,0,1572691456
2097,mix_test_78,0,1572691456
2098,mix_test_79,0,1572691456
2099,mix_test_80,0,1572691456
2100,mix_test_81,0,1572691456
2101,mix_test_82,0,1572691456
2102,mix_test_83,0,1572691456
2103,mix_test_84,0,1572691456
2104,mix_test_85,0,1572691456
2105,mix_test_86,0,1572691456
2106,mix_test_87,0,1572691456
2107,mix_test_88,0,1572691456
2108,mix_test_89,0,1572691456
2109,mix_test_90,0,1572691456
2110,mix_test_91,0,1572691456
2111,mix_test_92,0,1572691456
2112,mix_test_93,0,1572691456
2113,mix_test_94,0,1572691456
2114,mix_test_95,0,1572691456
2115,mix_test_96,0,1572691456
2116,mix_test_97,0,1572691456
2117,mix_test_98,0,1572691456
2118,mix_test_99,0,1572691456
2119,mix_test_100,0,1572691456
2120,mix_test_101,0,1572691456
2121,mix_test_102,0,1572691456
2122,mix_test_103,0,1572691456
2123,mix_test_104,0,1572691456
2124,mix_test_105,0,1572691456
2125,mix_test_106,0,1572691456
2126,mix_test_107,0,1572691456
2127,mix_test_108,0,1572691456
2128,mix_test_109,0,1572691456
2129,mix_test_110,0,1572691456
2130,mix_test_111,0,1572691456
2131,mix_test_112,0,1572691456
2132,mix_test_113,1572691456,0
2133,mix_test_114,0,1572691456
2134,mix_test_115,0,1572691456
2135,mix_test_116,0,1572691456
2136,mix_test_117,0,1572691456
2137,mix_test_118,0,1572691456
2138,mix_test_119,0,1572691456
2139,mix_test_120,0,1572691456
2140,mix_test_121,0,1572691456
2141,mix_test_122,0,1572691456
2142,mix_test_123,0,1572691456
2143,mix_test_124,0,1572691456
2144,mix_test_125,0,1572691456
2145,mix_test_126,0,1572691456
2146,mix_test_127,0,1572691456
2147,mix_test_128,0,1572691456
2148,mix_test_129,0,1572691456
2149,mix_test_130,0,1572691456
2150,mix_test_131,0,1572691456
2151,mix_test_132,0,1572691456
2152,mix_test_133,0,1572691456
2153,mix_test_134,0,1572691456
2154,mix_test_135,0,1572691456
2155,mix_test_136,0,1572691456
2156,mix_test_137,0,1572691456
2157,mix_test_138,0,1572691456
2158,mix_test_139,0,1572691456
2159,mix_test_140,0,1572691456
2160,mix_test_141,0,1572691456
2161,mix_test_142,0,1572691456
2162,mix_test_143,0,1572691456
2163,mix_test_144,0,1572691456
2164,mix_test_145,0,1572691456
2165,mix_test_146,0,1572691456
2166,mix_test_147,0,1572691456
2167,mix_test_148,0,1572691456
2168,mix_test_149,0,1572691456
2169,mix_test_150,0,1572691456
2170,mix_test_151,0,1572691456
2171,mix_test_152,0,1572691456
2172,mix_test_153,0,1572691456
2173,mix_test_154,0,1572691456
2174,mix_test_155,0,1572691456
2175,mix_test_156,0,1572691456
2176,mix_test_157,0,1572691456
2177,mix_test_158,0,1572691456
2178,mix_test_159,0,1572691456
2179,mix_test_160,0,1572691456
2180,mix_test_161,0,1572691456
2181,mix_test_162,0,1572691456
2182,mix_test_163,0,1572691456
2183,mix_test_164,0,1572691456
2184,mix_test_165,0,1572691456
2185,mix_test_166,0,1572691456
2186,mix_test_167,0,1572691456
2187,mix_test_168,0,1572691456
2188,mix_test_169,0,1572691456
2189,mix_test_170,0,1572691456
2190,mix_test_171,0,1572691456
2191,mix_test_172,0,1572691456
2192,mix_test_173,0,1572691456
2193,mix_test_174,0,1572691456
2194,mix_test_175,0,1572691456
2195,mix_test_176,0,1572691456
2196,mix_test_177,0,1572691456
2197,mix_test_178,0,1572691456
2198,mix_test_179,0,1572691456
2199,mix_test_180,0,1572691456
2200,mix_test_181,0,1572691456
2201,mix_test_182,0,1572691456
2202,mix_test_183,0,1572691456
2203,mix_test_184,0,1572691456
2204,mix_test_185,0,1572691456
2205,mix_test_186,0,1572691456
2206,mix_test_187,0,1572691456
2207,mix_test_188,0,1572691456
2208,mix_test_189,0,1572691456
2209,mix_test_190,0,1572691456
2210,mix_test_191,0,1572691456
2211,mix_test_192,0,1572691456
2212,mix_test_193,0,1572691456
2213,mix_test_194,0,1572691456
2214,mix_test_195,0,1572691456
2215,mix_test_196,0,1572691456
2216,mix_test_197,0,1572691456
2217,mix_test_198,0,1572691456
2218,mix_test_199,0,1572691456
2219,mix_test_extra_1,0,1572691456
2220,mix_test_extra_2,0,1572691456
2221,mix_test_extra_3,0,1572691456
2222,mix_test_extra_4,0,1572691456
2223,mix_test_extra_5,0,1572691456
2224,mix_test_extra_6,0,1572691456
2225,mix_test_extra_7,0,1572691456
2226,mix_test_extra_8,0,1572691456
2227,mix_test_extra_9,0,1572691456
2228,mix_test_extra_10,0,1572691456
2229,mix_successive_0,1572691456,0
2230,mix_successive_1,0,1572691456
2231,mix_successive_2,0,1572691456
2232,mix_successive_3,0,1572691456
2233,mix_successive_4,1572691456,0
2234,mix_successive_5,0,1572691456
2235,mix_successive_6,1572691456,0
2236,mix_successive_7,0,1572691456
2237,mix_successive_8,0,1572691456
2238,mix_successive_9,0,1572691456
2239,mix_successive_10,1572691456,0
2240,mix_successive_11,0,1572691456
2241,mix_successive_12,0,1572691456
2242,mix_successive_13,0,1572691456
2243,mix_successive_14,0,1572691456
2244,mix_successive_15,0,1572691456
2245,mix_successive_16,1572691456,0
2246,mix_successive_17,0,1572691456
2247,mix_successive_18,0,1572691456
2248,mix_successive_19,0,1572691456
2249,mix_successive_20,1572691456,0
2250,mix_successive_21,1572691456,0
2251,mix_successive_22,0,1572691456
2252,mix_successive_23,0,1572691456
2253,mix_successive_24,0,1572691456
2254,mix_successive_25,0,1572691456
2255,mix_successive_26,0,1572691456
2256,mix_successive_27,0,1572691456
2257,mix_successive_28,1572691456,0
2258,mix_successive_29,0,1572691456
2259,mix_successive_30,1572691456,0
2260,mix_successive_31,1572691456,0
2261,mix_successive_32,1572691456,0
2262,mix_successive_33,0,1572691456
2263,mix_successive_34,0,1572691456
2264,mix_successive_35,0,1572691456
2265,mix_successive_36,0,1572691456
2266,mix_successive_37,0,1572691456
2267,mix_successive_38,0,1572691456
2268,mix_successive_39,1572691456,0
2269,mix_successive_40,1572691456,0
2270,mix_successive_41,0,1572691456
2271,mix_successive_42,1572691456,0
2272,mix_successive_43,1572691456,0
2273,mix_successive_44,0,1572691456
2274,mix_successive_45,1572691456,0
2275,mix_successive_46,1572691456,0
2276,mix_successive_47,0,1572691456
2277,mix_successive_48,0,1572691456
2278,mix_successive_49,0,1572691456
2279,mix_successive_50,0,1572691456
2280,mix_successive_51,0,1572691456
2281,mix_successive_52,0,1572691456
2282,mix_successive_53,0,1572691456
2283,mix_successive_54,0,1572691456
2284,mix_successive_55,0,1572691456
2285,mix_successive_56,0,1572691456
2286,mix_successive_57,0,1572691456
2287,mix_successive_58,0,1572691456
2288,mix_successive_59,0,1572691456
2289,mix_successive_60,0,1572691456
2290,mix_successive_61,1572691456,0
2291,mix_successive_62,0,1572691456
2292,mix_successive_63,0,1572691456
2293,mix_successive_64,1572691456,0
2294,mix_successive_65,0,1572691456
2295,mix_successive_66,0,1572691456
2296,mix_successive_67,0,1572691456
2297,mix_successive_68,0,1572691456
2298,mix_successive_69,0,1572691456
2299,mix_successive_70,0,1572691456
2489,moul_s_1,1572691456,0
2490,moul_s_2,1572691456,0
2491,moul_s_3,1572691456,0
2492,moul_s_4,1572691456,0
2493,moul_s_5_this_ones_a_doozy,1572691456,0
2494,moul_d_1,1572691456,0
2495,moul_d_2,1572691456,0
2496,moul_d_3,1572691456,0
2497,moul_d_4,1572691456,0
2498,moul_d_5,1572691456,0
2499,moul_d_6,1572691456,0
2500,moul_d_7,1572691456,0
2501,moul_d_8,1572691456,0
2502,moul_d_9,1572691456,0
2503,moul_d_10,1572691456,0
2504,moul_d_11,1572691456,0
2505,moul_d_12,1572691456,0
2506,moul_mix_1,1572691456,0
2507,moul_c_1,1572691456,0
2508,moul_c_2,1572691456,0
2509,moul_c_3,1572691456,0
2510,moul_c_4,1572691456,0
2511,moul_c_5,1572691456,0
2512,moul_c_5b,1572691456,0
2513,moul_c_6,1572691456,0
2514,moul_c_7,1572691456,0
2515,moul_c_8,1572691456,0
2516,moul_c_9,1572691456,0
2517,moul_c_10,1572691456,0
2518,moul_c_11,1572691456,0
2519,moul_c_12,1572691456,0
2520,moul_c_13,1572691456,0
2521,moul_c_14,1572691456,0
2522,moul_c_15,1572691456,0
2523,moul_c_16,1572691456,0
2524,moul_c_17,1572691456,0
2525,moul_c_18,1572691456,0
2526,moul_c_19,1572691456,0
2527,moul_c_20,1572691456,0
2528,moul_c_21,1572691456,0
2529,moul_c_22,1572691456,0
2530,moul_c_23,1572691456,0
2531,moul_c_24,1572691456,0
2532,moul_c_25,1572691456,0
2533,moul_c_26,1572691456,0
2534,moul_c_27,1572691456,0
2535,moul_c_28,1572691456,0
2536,moul_ld_1_throwswarning,0,1572691456
2537,moul_ld_2_throwswarning,0,1572691456
2538,moul_ld_3_throwswarning,0,1572691456
2539,moul_ld_4_throwswarning,0,1572691456
2540,moul_ld_5_throwswarning,0,1572691456
2541,moul_ld_6_throwswarning,0,1572691456
2542,moul_ld_7_throwswarning,0,1572691456
2543,moul_ld_8_throwswarning,0,1572691456
2544,moul_ld_9_throwswarning,0,1572691456
2545,moul_ld_10_throwswarning,0,1572691456
2546,moul_ld_11_throwswarning,0,1572691456
2547,moul_ld_12_throwswarning,0,1572691456
2560,moul_i_1,1572691456,0
2561,moul_i_2,1572691456,0
2562,moul_i_3,1572691456,0
2563,moul_i_4,1572691456,0
2564,moul_i_5,1572691456,0
2565,moul_i_6,1572691456,0
2566,moul_i_7,1572691456,0
2567,moul_i_8,1572691456,0
2568,moul_i_9,1572691456,0
2569,moul_i_10,1572691456,0
2570,moul_i_11,1572691456,0
2571,moul_i_12,1572691456,0
2572,moul_f_1,0,1572691456
2573,moul_f_2,0,1572691456
2574,moul_f_3,0,1572691456
2575,moul_f_4,0,1572691456
2576,moul_f_5,0,1572691456
2577,moul_f_6,0,1572691456
2578,moul_f_7,0,1572691456
2579,moul_f_7b,0,1572691456
2580,moul_f_8,0,1572691456
2581,moul_f_9,0,1572691456
2582,moul_f_10,0,1572691456
2583,moul_f_11,0,1572691456
2584,moul_f_12,0,1572691456
2599,moul_o_1,0,1572691456
2600,moul_o_2,0,1572691456
2601,moul_o_3,0,1572691456
2602,moul_o_4,0,1572691456
2603,moul_o_5,0,1572691456
2604,moul_o_6,0,1572691456
2605,moul_o_7,0,1572691456
2606,moul_o_8,0,1572691456
2607,moul_o_9,0,1572691456
2608,moul_o_10,0,1572691456
2609,moul_o_11,0,1572691456
2610,moul_o_12,0,1572691456
2611,moul_u_1,1572691456,0
2612,moul_u_2,1572691456,0
2613,moul_u_3,1572691456,0
2614,moul_u_4,1572691456,0
2615,moul_u_5,1572691456,0
2616,moul_u_6,1572691456,0
2617,moul_u_7,1572691456,0
2618,moul_u_8,1572691456,0
2619,moul_u_9,1572691456,0
2620,moul_u_10,1572691456,0
2621,moul_u_11,1572691456,0
2622,moul_u_12,1572691456,0
2623,moul_x_1,1572691456,0
2624,moul_x_2,1572691456,0
2625,moul_x_3,1572691456,0
2626,moul_x_4,1572691456,0
2627,moul_x_5,1572691456,0
2628,moul_x_6,1572691456,0
2629,moul_x_7,1572691456,0
2630,moul_x_8,1572691456,0
2631,moul_x_9,1572691456,0
2632,moul_x_10,1572691456,0
2633,moul_x_11,1572691456,0
2634,moul_x_12,1572691456,0
2647,moul_prec_1,1572691456,0
2648,moul_prec_2,0,1572691456
2649,moul_prec_3,1572691456,0
2650,moul_prec_4,1572691456,0
2651,moul_prec_5,1572691456,0
2652,moul_zeropad_1,1572691456,0
2653,moul_zeropad_2,1572691456,0
2654,moul_zeropad_3,1572691456,0
2655,moul_zeropad_4,1572691456,0
2656,moul_leftjusty_1,1572691456,0
2657,moul_leftjusty_2,1572691456,0
2658,moul_leftjusty_3,1572691456,0
2659,moul_leftjusty_4,1572691456,0
2660,moul_leftjusty_5,1572691456,0
2661,moul_leftjusty_6,1572691456,0
2662,moul_leftjusty_7,1572691456,0
